{"cameraMode":{"drawMode":0,"name":"Shaded","section":"Shading Mode"},"sceneLighting":true,"audioPlay":false,"sceneViewState":{"m_AlwaysRefresh":false,"showFog":true,"showSkybox":true,"showFlares":true,"showImageEffects":true,"showParticleSystems":true,"showVisualEffectGraphs":true,"m_FxEnabled":true},"in2DMode":false,"pivot":{"x":401.4794006347656,"y":-0.12017250061035156,"z":333.9001770019531},"rotation":{"x":-0.21235935389995576,"y":-0.01932140626013279,"z":0.0016547293635085226,"w":-0.9773706793785095},"size":11.484435081481934,"orthographic":false}